{"cameraMode":{"drawMode":0,"name":"Shaded","section":"Shading Mode"},"sceneLighting":false,"audioPlay":false,"sceneViewState":{"showFog":true,"showMaterialUpdate":false,"showSkybox":true,"showFlares":true,"showImageEffects":true,"showParticleSystems":true},"in2DMode":false,"pivot":{"x":18.260000228881837,"y":237.08999633789063,"z":0.949999988079071},"rotation":{"x":-0.1557268500328064,"y":0.31878310441970827,"z":-0.053183093667030337,"w":-0.9334335327148438},"size":3.1887714862823488,"orthographic":false}