{"cameraMode":{"drawMode":0,"name":"Shaded","section":"Shading Mode"},"sceneLighting":false,"audioPlay":false,"sceneViewState":{"showFog":true,"showMaterialUpdate":false,"showSkybox":false,"showFlares":true,"showImageEffects":true,"showParticleSystems":true},"in2DMode":false,"pivot":{"x":10.963441848754883,"y":236.8499298095703,"z":1.5390279293060303},"rotation":{"x":-0.22997312247753144,"y":0.37672868371009829,"z":-0.09712392091751099,"w":-0.8920509815216065},"size":1.6394749879837037,"orthographic":false}