{"cameraMode":{"drawMode":0,"name":"Shaded","section":"Shading Mode"},"sceneLighting":false,"audioPlay":false,"sceneViewState":{"showFog":true,"showMaterialUpdate":false,"showSkybox":true,"showFlares":true,"showImageEffects":true,"showParticleSystems":true},"in2DMode":false,"pivot":{"x":22.304576873779298,"y":231.7612762451172,"z":3.2826948165893556},"rotation":{"x":-0.3282480835914612,"y":0.04305075481534004,"z":-0.014977548271417618,"w":-0.9434911608695984},"size":13.834111213684082,"orthographic":false}