{"cameraMode":{"drawMode":0,"name":"Shaded","section":"Shading Mode"},"sceneLighting":false,"audioPlay":false,"sceneViewState":{"showFog":true,"showMaterialUpdate":false,"showSkybox":true,"showFlares":true,"showImageEffects":true,"showParticleSystems":true},"in2DMode":false,"pivot":{"x":18.157175064086915,"y":236.5397491455078,"z":1.6255531311035157},"rotation":{"x":-0.2665484547615051,"y":0.35671332478523257,"z":-0.10695670545101166,"w":-0.8889700770378113},"size":2.8578836917877199,"orthographic":false}